product_id,product_name,pack_size,ven,,
1007,100 Seater tent,pc,N,,
5835,100 Seater tent,pc,N,,
2130,"135¬∞ DHS plate, holes 5, St. steel",Piece,E,,
2547,2 Rod implant 3 years(Levonorgestrel 75mg),null,E,,
2642,2 Rod implant 3 years(Levonorgestrel 75mg),10's,E,,
2692,2 Rod implant 3 years(Levonorgestrel 75mg),10s,E,,
2210,"3.5mm Cortical Bone Screw/Fully threaded, length 12mm, St. steel",Piece,E,,
2211,"3.5mm Cortical Bone Screw/Fully threaded, length 14mm, St. steel",Piece,E,,
2212,"3.5mm Cortical Bone Screw/Fully threaded, length 16mm, St. steel",Piece,E,,
2213,"3.5mm Cortical Bone Screw/Fully threaded, length 18mm, St. steel",Piece,E,,
2214,"3.5mm Cortical Bone Screw/Fully threaded, length 20mm, St. steel",Piece,E,,
2215,"3.5mm Cortical Bone Screw/Fully threaded, length 22mm, St. steel",Piece,E,,
2216,"3.5mm Cortical Bone Screw/Fully threaded, length 24mm, St. steel",Piece,E,,
2217,"3.5mm Cortical Bone Screw/Fully threaded, length 26mm, St. steel",Piece,E,,
2218,"3.5mm Cortical Bone Screw/Fully threaded, length 28mm, St. steel",Piece,E,,
2219,"3.5mm Cortical Bone Screw/Fully threaded, length 30mm, St. steel",Piece,E,,
4886,3 PIECE HAND EVALUATION SET (SAUNDERS),1's,N,,
2245,"4.0 mm Cancellous Bone Screw ¬Ω, length 45mm,St.steel",Piece,E,,
2246,"4.0 mm Cancellous Bone Screw ¬Ω, length 50mm,St.steel",Piece,E,,
2234,"4.0 mm Cancellous Bone Screw ¬Ω threaded, length 12mm, St. steel",Piece,E,,
2249,"4.0 Mm Cancellous Bone Screw ¬Ω Threaded, Length 14Mm, St. Steel",Piece,E,,
2250,"4.0 Mm Cancellous Bone Screw ¬Ω Threaded, Length 16Mm, St. Steel",Piece,E,,
2235,"4.0 mm Cancellous Bone Screw ¬Ω threaded, length 18mm, St. Steel",Piece,E,,
2236,"4.0 mm Cancellous Bone Screw ¬Ω threaded, length 20mm, St. steel",Piece,E,,
2237,"4.0 mm Cancellous Bone Screw¬Ω threaded, length 22mm, St. steel",Piece,E,,
2238,"4.0 mm Cancellous Bone Screw¬Ω threaded, length 24mm, St. steel",Piece,E,,
2239,"4.0 mm Cancellous Bone Screw ¬Ω threaded, length 26mm,St. steel",Piece,E,,
2240,"4.0 mm Cancellous Bone Screw ¬Ω threaded, length 28mm,St.steel",Piece,E,,
2241,"4.0 mm Cancellous Bone Screw¬Ω threaded, length 30mm,St.steel",Piece,E,,
2243,"4.0 mm Cancellous Bone Screw ¬Ω threaded, length 35mm,St.steel",Piece,E,,
2244,"4.0 mm Cancellous Bone Screw ¬Ω threaded, length 40mm,St.steel",Piece,E,,
2247,"4.0 mm Cancellous Bone Screw ¬Ω threaded, length 55mm,St.steel",Piece,E,,
2248,"4.0 mm Cancellous Bone Screw ¬Ω threaded, length60mm,St.steel",Piece,E,,
2221,"4.0 mm Cancellous Bone Screw/Fully threaded, length 16mm,St.steel",Piece,E,,
2222,"4.0 mm Cancellous Bone Screw/Fully threaded, length 18mm,St.steel",Piece,E,,
2223,"4.0 mm Cancellous Bone Screw/Fully threaded, length 20mm,St.steel",Piece,E,,
2224,"4.0 mm Cancellous Bone Screw/Fully threaded, length 22mm,St.steel",Piece,E,,
2225,"4.0 mm Cancellous Bone Screw/Fully threaded, length 24mm,St.steel",Piece,E,,
2226,"4.0 mm Cancellous Bone Screw/Fully threaded, length 26mm,St.steel",Piece,E,,
2227,"4.0 mm Cancellous Bone Screw/Fully threaded, length 28mm,St.steel",Piece,E,,
2228,"4.0 mm Cancellous Bone Screw/Fully threaded, length 30mm,St.steel",Piece,E,,
2229,"4.0 mm Cancellous Bone Screw/Fully threaded, length 35mm,St.steel",Piece,E,,
2230,"4.0 mm Cancellous Bone Screw/Fully threaded, length 45mm,St.steel",Piece,E,,
2231,"4.0 mm Cancellous Bone Screw/Fully threaded, length 50mm,St.steel",Piece,E,,
2232,"4.0 mm Cancellous Bone Screw/Fully threaded, length 55mm,St.steel",Piece,E,,
2233,"4.0 mm Cancellous Bone Screw/Fully threaded, length 60mm,St.steel",Piece,E,,
2287,"4.5mm Cortex Screw, length 14mm, St. steel",Piece,E,,
2288,"4.5mm Cortex Screw, length 16mm, St. steel",Piece,E,,
2289,"4.5mm Cortex Screw, length 18mm, St. steel",Piece,E,,
2290,"4.5mm Cortex Screw, length 20mm, St. steel",Piece,E,,
2291,"4.5mm Cortex Screw, length 22mm, St. steel",Piece,E,,
2292,"4.5mm Cortex Screw, length 24mm, St. steel",Piece,E,,
2293,"4.5mm Cortex Screw, length 26mm, St. steel",Piece,E,,
2294,"4.5mm Cortex Screw, length 28mm, St. steel",Piece,E,,
2295,"4.5mm Cortex Screw, length 30mm, St. steel",Piece,E,,
2296,"4.5mm Cortex Screw, length 32mm, St. steel",Piece,E,,
2297,"4.5mm Cortex Screw, length 34mm, St. steel",Piece,E,,
2298,"4.5mm Cortex Screw, length 36mm, St. steel",Piece,E,,
2299,"4.5mm Cortex Screw, length 38mm, St. steel",Piece,E,,
2300,"4.5mm Cortex Screw, length 40mm, St. steel",Piece,E,,
2301,"4.5mm Cortex Screw, length 48mm, St. steel",Piece,E,,
2302,"4.5mm Cortex Screw, length 50mm, St. steel",Piece,E,,
2303,"4.5mm Cortex Screw, length 52mm, St. steel",Piece,E,,
2304,"4.5mm Cortex Screw, length 54mm, St. steel",Piece,E,,
2305,"4.5mm Cortex Screw, length 56mm, St. steel",Piece,E,,
2306,"4.5mm Cortex Screw, length 58mm, St. steel",Piece,E,,
2307,"4.5mm Cortex Screw, length 60mm, St. steel",Piece,E,,
4994,4 CHANNEL PORTABLE TENS MACHINE,Pieces,N,,
991,"5-Lead Leadset, ADT/PED, IEC, Clip",Piece,N,,
2315,"6.5mm Cancellous Bone Screw/16mm, length 100mm, St. Steel",Piece,N,,
2316,"6.5mm Cancellous Bone Screw/16mm, length 105mm, St. Steel",Piece,E,,
2308,"6.5mm Cancellous Bone Screw/16mm, length 65mm, St. Steel",Piece,E,,
2309,"6.5mm Cancellous Bone Screw/16mm, length 70mm, St. Steel",Piece,E,,
2310,"6.5mm Cancellous Bone Screw/16mm, length 75mm, St. Steel",Piece,E,,
2311,"6.5mm Cancellous Bone Screw/16mm, length80, St. Steel",Piece,E,,
2312,"6.5mm Cancellous Bone Screw/16mm, length 85mm, St. Steel",Piece,E,,
2313,"6.5mm Cancellous Bone Screw/16mm, length 90mm, St. Steel",Piece,E,,
2314,"6.5mm Cancellous Bone Screw/16mm, length 95mm, St. Steel",Piece,E,,
2317,"6.5mm Cancellous Bone Screw/32mm, length25mm, St. Steel",Piece,E,,
2318,"6.5mm Cancellous Bone Screw/32mm, length 30mm, St. Steel",Piece,E,,
2319,"6.5mm Cancellous Bone Screw/32mm, length 35mm, St. Steel",Piece,E,,
2320,"6.5mm Cancellous Bone Screw/32mm, length 40mm, St. Steel",Piece,E,,
2321,"6.5mm Cancellous Bone Screw/32mm, length 45mm, St. Steel",Piece,E,,
2322,"6.5mm Cancellous Bone Screw/32mm, length 50mm, St. Steel",Piece,E,,
2323,"6.5mm Cancellous Bone Screw/fully threaded, length 20mm,st.steel",Piece,E,,
2324,"6.5mm Cancellous Bone Screw/fully threaded, length 25mm, St. steel",Piece,E,,
2325,"6.5mm Cancellous Bone Screw/fully threaded, length 30mm, St. steel",Piece,E,,
2326,"6.5mm Cancellous Bone Screw/fully threaded, length 35mm, St. steel",Piece,E,,
2327,"6.5mm Cancellous Bone Screw/fully threaded, length 40mm, St. steel",Piece,E,,
2328,"6.5mm Cancellous Bone Screw/fully threaded, length 45mm, St. steel",Piece,E,,
2329,"6.5mm Cancellous Bone Screw/fully threaded, length 50mm, St. steel",Piece,E,,
2330,"6.5mm Cancellous Bone Screw/fully threaded, length 55mm, St. steel",Piece,E,,
2331,"6.5mm Cancellous Bone Screw/fully threaded, length 60mm, St. steel",Piece,E,,
2204,"7.3mm cannulated screw, self-drilling, self-tapping, length 100mm, SS/TAN",Piece,E,,
2205,"7.3mm cannulated screw, self-drilling, self-tapping, length 105mm, SS/TAN",Piece,E,,
2206,"7.3mm cannulated screw, self-drilling, self-tapping, length 110mm, SS/TAN",Piece,E,,
2207,"7.3mm cannulated screw, self-drilling, self-tapping, length 115mm, SS/TAN",Piece,E,,
2197,"7.3mm cannulated screw, self-drilling, self-tapping, length 50mm, SS/TAN",Piece,E,,
2198,"7.3mm cannulated screw, self-drilling, self-tapping, length 70mm, SS/TAN",Piece,E,,
2199,"7.3mm cannulated screw, self-drilling, self-tapping, length 75mm, SS/TAN",Piece,E,,
2200,"7.3mm cannulated screw, self-drilling, self-tapping, length 80mm, SS/TAN",Piece,E,,
2201,"7.3mm cannulated screw, self-drilling, self-tapping, length 85mm, SS/TAN",Piece,E,,
2202,"7.3mm cannulated screw, self-drilling, self-tapping, length 90mm, SS/TAN",Piece,E,,
2203,"7.3mm cannulated screw, self-drilling, self-tapping, length 95mm, SS/TAN",Piece,E,,
984,7 Pin SPO2 Extension Cable,Piece,V,,
5013,AA BATTERY RECHARGEABLE,PAIR,E,,
8408,Abdominal skin fold,null,N,,
1013,ABX Miniclean,1L,N,,
5841,ABX Miniclean,1L,N,,
415,acetic acid(table vinegar),700ml bottle,E,,
12174,acetic acid(table vinegar),700ml bottle,E,,
5844,Actin FS APTT reagent,vial,N,,
2394,Adjustable Clamps Large,Piece,E,,
2393,Adjustable Clamps Small,Piece,E,,
1017,Adjustable Laboratory chairs,pcs,N,,
5845,Adjustable Laboratory chairs,pcs,N,,
11,Adult Morphine solution 10mg/ml,bottle,E,,
5040,Adult Morphine solution 10mg/ml,bottle,E,,
988,Adult Reusable Temperature Probe (Skin Surface),Piece,E,,
11849,"Adult weighig scale with height and BMI, 250kg capacity solo detector",piece,E,,
4906,AEROBICISER (UPPER AND LOWER LIMBS),1's,N,,
1718,AGFA Films (dry star Dt5B) 20*25cm,Cartridge,E,,
6530,AGFA Films (dry star Dt5B) 20*25cm,Cartridge,E,,
8428,AGFA Films (dry star Dt5B) 20*25cm,Cartridge,E,,
1719,AGFA films (dry star Dt5B) 25*30 cm,Cartridge,E,,
6531,AGFA films (dry star Dt5B) 25*30 cm,Cartridge,E,,
8429,AGFA films (dry star Dt5B) 25*30 cm,Cartridge,E,,
1720,AGFA Films (dry star Dt5B) 35*43cm,Cartridge,E,,
6532,AGFA Films (dry star Dt5B) 35*43cm,Cartridge,E,,
494,airway guedel size 0,piece,V,,
5422,airway guedel size 0,piece,V,,
495,airway guedel size 00,piece,V,,
5423,airway guedel size 00,piece,V,,
12807,Albendazole Tablet (chewable) 400mg,Tins of 500,E,,
7036,Amalgam well,Piece,E,,
13054,Amino Acid for Intravenous Infusion providing 21g of Amino Acid and 12g Glutamine,500ml,N,,
13254,Amino Acid for Intravenous Infusionproviding 21g of Amino Acid and 12g Glutamine,500ml bottle,N,,
6928,Amino acids solution for IV infusion providing 10g amino acids per 100ml for pediatrics,100ml bottle,N,,
417,aminophyline 2mg/ml inj,amp,V,,
418,amoxicillin 125mg/5ml suspension,100ml susp,E,,
419,amoxicillin clavulanic 228.5mg suspension,100ml bottle,E,,
421,ampicillincloxacillin 500mg caps,100's,E,,
420,ampicillincloxacillin 90mg/0.6ml suspension,30ml bottle,E,,
385,"Anti-D immunoglobulin PFI + diluent 1500 IU/mL (300 mcg),2ml",Vial,V,,
1037,API 20E (Identification media),1x25,E,,
5865,API 20E (Identification media),1x25,E,,
12951,API 20E (Identification media),1x25,E,,
5866,API 20NE (Identification media),1x25,E,,
13437,API 20NE (Identification media),1x25,E,,
1040,API web micro reader,pc,E,,
5868,API web micro reader,pc,E,,
13439,API web micro reader,pc,E,,
7037,"Articulator, hinged",Piece,E,,
40,Asprin 300mg,1000s,N,,
5069,Asprin 300mg,30s,E,,
422,atorvastatin 10mg tabs,28's,E,,
13273,Atropine 1% eye drops,bottle,N,,
3942,Autolytic debriding agent 25 (4x4),pack of 10,E,,
1052,Automated Blood Donor chairs,pcs,N,donor couches,
5880,Automated Blood Donor chairs,pcs,N,,
4936,"AUXILLARY CLUTCHES (VARIOUS SIZES) (S,M,L)",1's,E,,
2085,Azelastine Eye Drops 0.05%,5ml,N,,
4923,BABY BOUNCHER,1's,N,,
970,Baby Weighing Scale 10-20Kgs,Piece,E,2 data both with 0-20 but diff classification,
8851,Baby Wrappers Pure Cotton Flowered,Pieces,N,,
1057,Bactec blood culture media (adults),1x50,N,,
5885,Bactec blood culture media (adults),1x50,N,,
1058,Bactec blood culture media (paeds),1x50,N,,
5886,Bactec blood culture media (paeds),1x50,N,,
2126,"Bag, Bicarbonate (Bi-Bag) for Haemodialysis (650mg)",pieces,E,,
1721,Barium sulphate powder,3.5kgs,E,,
6533,Barium sulphate powder,3.5kgs,E,,
8431,Barium sulphate powder,3.5kgs,E,,
1722,Barium sulphate suspension,1 ltr,E,,
6534,Barium sulphate suspension,1 ltr,E,,
8432,Barium sulphate suspension,1 ltr,E,,
967,Basic Dressing Set with Green Towels (Drapes),Set,V,,
5015,BATTERY CHARGER,Pieces,N,,
1065,BD Facs Presto %CD4/CD8 Cartridges,100T,V,,
5893,BD Facs Presto %CD4/CD8 Cartridges,100T,V,,
1066,BD Multi Check -CD4 Low Control,2.5ml,V,,
5894,BD Multi Check -CD4 Low Control,2.5ml,V,,
5895,BD Multi Check Control,2.5ml,V,,
957,"Bed Sheets, Large Size 160cm x 240cm, 100% Cotton",pair,E,,
956,Bed Spreads Std (Counter-Panes) - Light Cream-160X230Cm,pcs,E,,
423,betamethasone gentamicin cream,tube,E,,
424,betamethasone salicylic cream,tube,E,,
425,betamthasone clotrimazole cream,tube,E,,
1077,Biosystems A15 conc washng solution,100ml,E,,
5905,Biosystems A15 conc washng solution,100ml,E,,
1078,Biosystems Albumin,kit,E,,
5906,Biosystems Albumin,kit,E,,
1079,Biosystems ALT,kit,E,,
5907,Biosystems ALT,kit,E,,
1080,Biosystems AST,kit,E,Aspartate aminotransferase (AST) reagent,
5908,Biosystems AST,kit,E,,
1081,Biosystems calibrator,6x5ml,E,,
5909,Biosystems calibrator,6x5ml,E,,
1082,Biosystems Cholesterol HDL Direct,20ml,E,,
5910,Biosystems Cholesterol HDL Direct,20ml,E,,
1083,Biosystems cleaning fluid,500ml,E,,
5911,Biosystems cleaning fluid,500ml,E,,
1084,"Biosystems control (Level 1, Level 2)",5ml,E,,
5912,"Biosystems control (Level 1, Level 2)",5ml,E,,
1085,Biosystems Creatinine,50ml,E,,
5913,Biosystems Creatinine,50ml,E,Creatinine reagent,
1086,Biosystems Direct Bilirubin,kit,E,,
5914,Biosystems Direct Bilirubin,kit,E,,
1087,Biosystems fluid,1L,E,,
5915,Biosystems fluid,1L,E,,
1088,Biosystems Gamma GT,10ml,E,,
5916,Biosystems Gamma GT,10ml,E,Gamma-glutamyl transferase (GGT) reagent,
5917,Biosystems reaction rotor,1x10,E,,
5918,Biosystems serum cap with seal,1x1000,E,,
1091,Biosystems Total bilirubin,kit,E,,
5919,Biosystems Total bilirubin,kit,E,,
1092,Biosystems Total protein,kit,E,,
5920,Biosystems Total protein,kit,E,,
994,Bipolar Forceps (21cm Curved),Piece,E,,
995,Bipolar Forceps Cable,Piece,E,,
1099,Blood donor cards,pcs,N,,
5927,Blood donor cards,pcs,N,,
1100,Blood donor posters,pcs,N,,
5928,Blood donor posters,pcs,N,,
4896,BMI SCALE MACHINE WITH HEIGHT,1's,E,,
2464,Bone cement,pkt,E,"used in orthopedics to anchor artificial joints (like hips, knees)",
7039,Bone curette,Piece,E,,
6588,BONE WAX,PACK,E,,
546,Bp cuffs adult,piece,E,,
5474,Bp cuffs adult,piece,E,,
548,bp machine :manual,set,E,,
5476,bp machine :manual,set,E,,
4475,Branded XRAY CDS,piece,N,,
6535,Branded XRAY CDS,piece,N,,
8433,Branded XRAY CDS,piece,N,,
1724,Branded XRAY Patient Register Books,piece,N,,
4476,Branded XRAY Patient Register Books,piece,N,,
6536,Branded XRAY Patient Register Books,piece,N,,
426,bromocriptine 2.5mg tabs,30's,E,,
5944,CABAS AVL 9180 Cleaner,kit,E,,
384,Caffeine citrate 10mg/ml 1ml injection,10 vilas,E,,
427,calamine lotion,Bottle,N,,
2439,Calcaneal Locking Plate with Screws,no,E,,
1117,Calcium chloride (25mm),vial,E,,
5945,Calcium chloride (25mm),vial,E,,
8412,Calf skin fold,null,N,,
2196,Cannulated Screw set 6.5mm,Set,E,,
12674,carbetocin,vial,V,,
1725,CARESTREAM DVB Films (dry view) 20*25cm,catridge,E,,
6537,CARESTREAM DVB Films (dry view) 20*25cm,catridge,E,,
8435,CARESTREAM DVB Films (dry view) 24*30cm,Cartridge,E,,
1726,CARESTREAM DVB Films (dry view) 25*30cm,catridge,E,,
6538,CARESTREAM DVB Films (dry view) 25*30cm,catridge,E,,
1727,CARESTREAM DVB Films (dry view) 35*43cm,Cartridge,E,,
6539,CARESTREAM DVB Films (dry view) 35*43cm,Cartridge,E,,
4479,CARESTREAM DVE Films (dry view) 24*30cm,Cartridge,E,,
4991,CARESTREAM DVE Films (dry view) 25*30cm,Catridge,E,,
5952,Carry Blair Transport Media Swabs,1 x 50Pcs,E,,
2469,Carvedilol Tablet 12.5mg,Pack of 28s,E,,
8803,Carvedilol Tablet 12.5mg,null,E,,
8825,Carvedilol Tablet 12.5mg,30s,E,,
8874,Carvedilol Tablet 12.5mg,pack of 30s,E,,
8861,Carvedilol Tablet 6.25mg,pack of 30s,E,,
386,Cefazolin inj 1gm vial,vials,E,,
80,Ceftriaxone 1g +Sulbactam 0.5mg,Vial,E,,
5109,Ceftriaxone 1g +Sulbactam 0.5mg,Vial,E,,
5960,Celenium D5P Lycel diff,1x1L,E,,
5962,Cellenium probe cell,No.,E,,
913,central line infants,pcs,E,Central line Set,
585,Central lines [adult],piece,E,,
5513,Central lines [adult],piece,E,,
586,Central lines [peads],piece,E,,
5514,Central lines [peads],piece,E,,
429,cephadroxil 500mg caps,100's,E,,
911,cervical neck collar large,pcs,E,,
910,cervical neck collar medium,pcs,E,,
912,cervical neck collar small,pcs,E,,
4916,CHEST EXPANDER,1's,N,,
8409,Chest skin fold,null,N,,
909,Chest tube with trocar 14'',pcs,E,,
12875,Chest tube with trocar 14'',pcs,E,,
5027,Chlorine Tablets 67mg,Pack of 10 strips x 10 tablets,V,,
431,chlorpheniramine 10mg/ml inj,amp,E,,
432,chlorpheniramine 2mg/ml syrup,Bottle,E,,
433,chlorpheniramine 4mg tabs,100's,E,,
2477,Chlorthalidone 25mg tabs,30's,N,Chlorthalidone 25mg tabs,
5968,Chronolab Albumin,250ml,E,,
5969,Chronolab ALP,250ml,E,Alkaline Phosphatase (ALT) reagent,
1142,Chronolab ALT,25ml,E,,
5970,Chronolab ALT,25ml,E,,
1143,Chronolab AST,25nl,E,,
5971,Chronolab AST,25nl,E,,
1144,Chronolab Cholesterol,100ml,E,,
5972,Chronolab Cholesterol,100ml,E,,
1145,"Chronolab controls (Low, Medium, High)",pack,E,,
5973,"Chronolab controls (Low, Medium, High)",pack,E,,
1146,Chronolab Creatinine,100ml,E,,
5974,Chronolab Creatinine,100ml,E,,
1147,Chronolab Total Bilirubin,100ml,E,,
5975,Chronolab Total Bilirubin,100ml,E,,
1148,Chronolab Total protein,250ml,E,,
5976,Chronolab Total protein,250ml,E,,
1149,Chronolab urea,50ml,E,,
5977,Chronolab urea,50ml,E,,
1150,Chronolab Uric Acid,100ml,E,,
5978,Chronolab Uric Acid,100ml,E,,
2972,Citric Acid 21%,5lrt,E,Citric Acid  0.2 L,
4272,Cleaning Kit,1 litre,E,,
435,clotrimazole 200mg v pessaries,3's,E,Clotrimazole 500mg Vaginal Tablet,
1164,COBAS AVL 9180 Electrode Chloride,No,E,Alkaline phosphatase (ALP) reagent,
5992,COBAS AVL 9180 Electrode Chloride,No,E,,
1165,COBAS AVL 9180 Electrode ISE Ref,No,E,,
5993,COBAS AVL 9180 Electrode ISE Ref,No,E,,
1166,COBAS AVL 9180 Electrode potassium,No,E,,
5994,COBAS AVL 9180 Electrode potassium,No,E,,
1167,COBAS AVL 9180 Electrode Sodium,No,E,,
5995,COBAS AVL 9180 Electrode Sodium,No,E,,
1168,COBAS AVL 9180 Isetrol Electrolyte Controls,Set,E,,
1170,COBAS AVL 9180 Probe set intera,ptk,E,,
5998,COBAS AVL 9180 Probe set intera,ptk,E,,
6000,COBAS AVL 9180 Snappack,kit,E,,
4867,"COMBINED THERAPY MACHINE (IFT,MS,TENS,US)",1's,N,,
1749,Compact discs +sleeves,pscs,N,,
2894,COMPACT DISCS +SLEEVES,piece,N,,
4866,COMPLETE TRACTION MACHINE (SAUNDERS),1's,V,,
7044,Compressor (60L),Piece,E,,
1728,connectors 150cm,Piece,E,,
6540,connectors 150cm,Piece,E,,
4488,"Connector, small size",Piece,E,,
4901,CONTINOUS PASSIVE MOTION MACHINE,1's,E,,
1729,CONTRAST Media omipaque 350g iodine/ml 100ml,bottles 100mls,E,,
6541,CONTRAST Media omipaque 350g iodine/ml 100ml,bottles 100mls,E,,
4274,Control High,2.5 Ml,E,,
4275,Control Low,2.5 Ml,E,,
4273,Control Normal,2.5 Ml,E,,
1241,Control plasma N,vial,E,,
6069,Control plasma N,vial,E,,
1242,Control plasma P,vial,E,,
6070,Control plasma P,vial,E,,
1243,Cooler boxes,pcs,E,,
6071,Cooler boxes,pcs,E,,
12266,Cooler boxes,pcs,E,,
4471,"Corn Soya Blend,Corn Soy Blend",bag of 1.5kg,V,"HPLC, aflatoxin in corn quality control material,",
601,Cotton wool 200gm,roll,E,,
3095,Cotton wool 200gm,null,E,Cotton wool  Roll 400g,
5529,Cotton wool 200gm,roll,E,,
8426,Couch,null,E,donor couches,
5018,COUNT DOWN TIMER,PIECES,E,Laboratory timer,
2449,Cross Link Connector,no,E,,
3946,Crutches,pair,E,,
980,Crutches Axillary Aluminium Adjustable 1300-1500Mm/52-60,Piece,E,,
979,Crutches Elbow Standard Adjustable 69Cm-99Cm,Piece,E,,
5019,CRYOTHERAPY PHYSIO MACHINE,Pieces,N,,
1731,CT (dry VIEW films (35*43cm) KONIKA MINOLTA,Cartridge,E,,
4481,CT (dry VIEW films (35*43cm) KONIKA MINOLTA,Cartridge,E,,
6543,CT (dry VIEW films (35*43cm) KONIKA MINOLTA,Cartridge,E,,
8439,CT (dry VIEW films (35*43cm) KONIKA MINOLTA,Cartridge,E,,
7033,CT Films UPT 517 BL (35*43 cm) SONY,Cartridge,E,,
1750,CT pump syringes 200ml,pscs,E,,
1254,Cypress diagnostics for urinalysis machine,Tin of 100s,E,,
6082,Cypress diagnostics for urinalysis machine,Tin of 100s,E,,
1256,Daily cleaning solution,100ml,E,,
6084,Daily cleaning solution,100ml,E,,
981,Darts Board With 1 Set of Darts Arrows,Set,N,,
2251,"DCP 3.5 St. Steel. Holes 5, length 62mm",Piece,E,,
2335,"DCP 4.5, Broad, 12holes length 199mm,st.steel",Piece,E,,
2336,"DCP 4.5, Broad, 14holes length 231mm,st.steel",Piece,E,,
2337,"DCP 4.5, Broad, 16holes length 231mm,st.steel",Piece,E,,
2333,"DCP 4.5, Broad, 8holes length 135mm,st.steel",Piece,E,,
2334,"DCP 4.5, Broad, 9holes length 151mm,st.steel",Piece,E,,
2338,"DCP 4.5, Narrow, 6holes length 103mm,st.steel",Piece,E,,
2339,"DCP 4.5, Narrow, 7holes length 119mm,st.steel",Piece,E,,
2340,"DCP 4.5, Narrow, 8holes length 135mm,st.steel",Piece,E,,
7049,Dental unit,Unit,E,,
2086,DEXAMETHASONE 0.1% + GENTAMICIN 0.3% EYE DROPS,5ml,E,,
436,dexamethasone/neomycin/polymixin,dropper,E,,
2139,"DHS/DCS Lag screws, 12.5mm St. steel, length 100mm",Piece,E,,
2140,"DHS/DCS Lag screws, 12.5mm St. steel, length 105mm",Piece,E,,
2141,"DHS/DCS Lag screws, 12.5mm St. steel, length 110mm",Piece,E,,
2142,"DHS/DCS Lag Screws, 12.5mm St. steel, length 115mm",Piece,E,,
2131,"DHS/DCS Lag screws, 12.5mm St. steel, length 50mm",Piece,E,,
2132,"DHS/DCS Lag screws, 12.5mm St. steel, length 60mm",Piece,E,,
2133,"DHS/DCS Lag screws, 12.5mm St. steel, length 70mm",Piece,E,,
2134,"DHS/DCS Lag screws, 12.5mm St. steel, length 75mm",Piece,E,,
2135,"DHS/DCS Lag screws, 12.5mm St. steel, length 80mm",Piece,E,,
2136,"DHS/DCS Lag screws, 12.5mm St. steel, length 85mm",Piece,E,,
2137,"DHS/DCS Lag screws, 12.5mm St. steel, length 90mm",Piece,E,,
2138,"DHS/DCS Lag screws, 12.5mm St. steel, length 95mm",Piece,E,,
4276,Diaspect HB cuvettes,1x100,E,,
1260,Diaspect HB meter,pcs,E,,
6088,Diaspect HB meter,pcs,E,,
2470,Diazepam 5mg/ml tablet,100's,E,,
438,diclofenac gel,tube,N,,
1262,Digital adjustable pipette 5-50ul,pc,E,,
6090,Digital adjustable pipette 5-50ul,pc,E,,
968,Digital Foetal Doppler,Piece,E,,
4887,DIGITAL HYDRAULIC HAND EVALUATION SET (SAUNDERS),1's,E,,
13409,Digital x-ray machine,unit,E,,
12333,Digital x-ray Machine,Unit,E,,
13131,Digital x-ray Machine,unit,E,,
961,Disposable Cusco Vaginal Speculum-Large,Piece,E,,
960,Disposable Cusco Vaginal Speculum - Medium,Piece,E,,
615,disposable needles G18,piece,V,,
5543,disposable needles G18,piece,V,,
2424,Distal Femur locking plate (DFLP) with Screws,no,E,,
2434,Distal Fibular Locking plate with Screws,no,E,,
2546,Dolutegravir (DTG) Tablet 10mg,null,V,,
2583,Dolutegravir (DTG) Tablet 10mg,90s,V,,
439,domperidone 10mg tabs,100's,E,,
440,domperidone syrup,bottle,E,,
2091,DORZOLAMIDE EYE DROPS 2%,Bottle,E,,
4279,DRI-CHEM ALBPS (Albumin) Slides,Pkt/24 Slides,E,,
4280,DRI-CHEM ALPPIIIS (Alkaline Phosphate) Slides,Pkt/24 Slides,E,,
4319,DRI-CHEM AT2 (Auto Tips),Pk/576 tips,E,,
4281,DRI-CHEM BUNPIIIS (Urea)Slides,Pkt/24 Slides,E,,
4312,DRI-CHEM Calbrator CP (Calibrator CRP),Pkt/3x1ml,E,,
4282,DRI-CHEM CAPIIIS (Calcium) Slides,Pkt/24 Slides,E,,
4286,DRI-CHEM CREPIIIS (Creatinine) Slides,Pkt/24 Slides,E,,
4287,DRI-CHEM CRPSIIIS(C-Reactive Protein) Slides,Pkt/24 Slides,E,,
4288,DRI-CHEM DBILPIIS(Direct Bilirubin) Slides,Pkt/24 Slides,E,,
4289,DRI-CHEM GGTPIIIS (Gamma GT) Slides,Pkt/24 Slides,E,,
4291,DRI-CHEM GOT/ASTPIIIS (Aspartate Aminotransferase) Slides,Pkt/24 Slides,E,,
4292,DRI-CHEM GPT/ALTPIIIS (Alanine Aminotransferase) Slides,Pkt/24 Slides,E,,
4306,DRI-CHEM HDLCPIIIDS (HDL-Cholesterol) Slides,Pkt/24 Slides,E,,
4293,DRI-CHEM IPPS (Inorganic Phosphorous) Slides,Pkt/24 Slides,E,,
4295,DRI-CHEM LDHPIIIS (Lactate Dehydrogenase) Slides,Pkt/24 Slides,E,,
4317,DRI-CHEM MC S (Mixing Cups)-For FDC 7000 / NX500,Pk/100 pc,E,,
4296,DRI-CHEM MGPIIIS (Magnesium) Slides,Pkt/24 Slides,E,,
4297,"DRI-CHEM NAKCLS (Sodium, Potassium, Chloride) Slides",Pkt/24 Slides,E,,
4321,DRI-CHEM Plain Tube 0.5ml,Pk/500 pc,E,,
4311,DRI-CHEM RE (Reference Solution),Pk/6x8ml,E,,
4300,DRI-CHEM TBILPIIIS (Total Bilirubin) Slides,Pkt/24 Slides,E,,
4301,DRI-CHEM TCHOPIIIS (Total Cholesterol)Slides,Pkt/24 Slides,E,,
4303,DRI-CHEM TGPIIIS (Triglyceride) Slides,Pkt/24 Slides,E,,
4304,DRI-CHEM TPPIIIS (Total Protein) Slides,Pkt/24 Slides,E,,
4305,DRI-CHEM UAPIIIS (Uric Acid) Slides,Pkt/24 Slides,E,,
2283,"Drill Bit dia. 2.5mm, length 100/75mm, mini QCK Coupling",Piece,E,,
2284,"Drill Bit dia. 3.2mm, length 240/215mm, mini QCK Coupling",Piece,E,,
2285,"Drill Bit dia.3.5mm, length 100/85mm,3 flute QCK Coupling",Piece,E,,
2364,"Drill Bit dia. 3.5mm, length 120/185,3 flute QCK Coupling",Piece,E,,
2363,"Drill Bit dia3.5mm, length 145/120mm,3 flute QCK Coupling",Piece,E,,
2365,"Drill Bit dia. 4.5mm, length 145/120mm, 3 flute QCK Coupling",Piece,E,,
7454,Drug Index for Healthcare Practitioners,null,N,,
1732,Dual connectors,pieces,E,,
6544,Dual connectors,pieces,E,,
5001,DUMBELLS (1-10KG)  (SPORTSTHIEME),SET,N,,
6099,"Dymind controls (Low, Medium, High)",pack,E,,
6101,Dymind DH 36 -3 part Diluent,20l,E,,
6100,Dymind DH 3 part Lyse,5l,E,,
6102,Dymind probe cleaner,50ml,E,,
6545,ECG  Thermal paper,rolls,E,,
1278,Edan 115 BGA Calibrator,kit,E,,
6106,Edan 115 BGA Calibrator,kit,E,,
1279,Edan 115 BGA Catridges,pack,E,,
1280,Edan 115 BGA control set,set,E,,
6108,Edan 115 BGA control set,set,E,,
6653,EDTA GEL,tube,E,,
4920,EGG BALL (VARIOUS SIZES),1's,N,,
4937,"ELBOW CLUTCHES (S,M,L)",1's,E,,
4878,ELECTRIC MASSAGER,1's,N,,
5000,ELECTRIC PHYSIOTHERAPY TILT TABLE,1's,N,,
4911,ELECTRIC PLASTER CUTTER,1's,E,,
4890,ELECTRONIC MANUAL MUSCLE TESTER,1's,N,,
4876,ELECTRONIC MUSCLE STIMULATOR (TENSMED S82),1's,N,,
7052,"Endodontic Files - Rotary, Taper 0.4",PACK,E,,
7051,"Endodontic Files - Rotary, Taper 0.6",PACK,E,,
7057,Endomotor,Piece,E,,
441,enemax,bottle,E,,
2586,enemax,100ml bottle,E,,
4948,ENOLINE SUPER MASSAGER,5 LITRES,N,,
4949,ENOLINE SUPER MASSAGER,500ML,N,,
1711,"Enteral Feed for critical care and trauma patients. Energy 50kcal/100ml, High in glutamine in the form of dipeptides (30 g/500 ml), High in antioxidants: Vitamin C and E, √ü-carotene, zinc and selenium Contains tributyrin (1 g/500 ml) Fibre-free. Not suitable for children under 10 years.",500ml,E,,
12648,"Enteral Feed for critical care and trauma patients. Energy 50kcal/100ml, High in glutamine in the form of dipeptides (30 g/500 ml), High in antioxidants: Vitamin C and E, √ü-carotene, zinc and selenium Contains tributyrin (1 g/500 ml) Fibre-free. Not suitable for children under 10 years.",500ml,E,,
4882,ERGOMETER BICYCLE,1's,N,,
4910,ERGONOMIC HAND EXERCISER,1's,E,,
443,erythromycin 125mg/5ml susp,bottle,E,,
442,erythromycin 250mg tabs,100's,E,,
1292,ESR Transponder,50x1000,E,,
6120,ESR Transponder,50x1000,E,,
2484,Ethambutol 100mg Tab (for Pack of 100 tabs),100s,N,,
2483,Ethambutol 400mg Tab (for Pack of 28 tabs),pack of 28s,N,,
2450,Expandable Cage Lumbar/Thoracic,no,E,,
4472,Family muac Tape,piece,E,,
5008,FARM LINEMEN,5 litres,N,,
663,fetal scopes,piece,E,,
5591,fetal scopes,piece,E,,
1300,Filter Paper Whatman No.1 (125mm),1x100,E,,
6128,Filter Paper Whatman No.1 (125mm),1x100,E,,
7060,Finger guard,Piece,N,,
4889,FINGER TOE GONIOMETER,1's,N,,
7061,Flowable composite,Tube,E,,
6690,FLOWABLE COMPOSITE,TUBE,E,,
444,flucloxacillin 125mg/5ml susp,bottle,E,,
2472,Flucloxacillin BP 500ml injection,5ml vial,E,,
2569,Fluconazole 200mg Tabs,1s,E,,
2092,"FLUOROMETHOLONE EYE DROPS 0.1%, W/V 5ML",5ml,E,,
8419,Food Cabinets,null,N,,
8427,Food demonstration kits,null,N,,
974,Food Trolley,Piece,N,,
8418,Food trolleys,null,N,,
12061,Frosted end glass slides,72 pcs,E,,
919,"Fully Automatic Disposable Core Biopsy Gun With Needle, Disposable",pcs,E,,
6134,FVIII Deficiency plasma,vial,E,,
1734,Gadolinium (20mL) MRI CONTRAST,bottle,E,,
6546,Gadolinium (20mL) MRI CONTRAST,bottle,E,,
8450,Gadolinium (20mL) MRI CONTRAST,bottle,E,,
5005,GAIT TRAINING PEADIATRIC,1's,N,,
1735,Gastrografin (100mL),bottle,E,,
4489,Gastrografin (100mL),bottle,E,,
8451,Gastrografin (100mL),bottle,E,,
4986,GENE EXPERT HIV QUAL CARTRIGES,1X10,V,,
4987,GENE EXPERT HIV VIRAL LOAD CARTRIGES,1X10,V,,
445,gentamycin 20mg/ml inj,amp,E,,
7062,"Gloves, clean, nitrile",Box,E,,
7063,"Gloves, surgical, 7.5 (50)",Box,E,,
1315,Glucometer machine digital,pc,E,,
6143,Glucometer machine digital,pc,E,,
2474,Glucose Injection 50% 50mL (Dextrose) With Euro Cap/ Collapsible Bag,100ml Bottle,V,,
1640,Glucostixs (Gold Accu),50,E,,
7126,GLYCEROL,2.5L,E,98.5% glycerol,5L
4891,GONIOMETERS,1's,N,,
1884,GUTTA PERCHA 15-40 T.4,PACK,E,"Gutta-percha  Sizes 15-80, assorted pack, 6vials/cells, points (120)",
6695,GUTTA PERCHA 15-40 T.4,PACK,E,gutta percha,
1885,GUTTA PERCHA 15-40 T.6,PACK,E,,
6696,GUTTA PERCHA 15-40 T.6,PACK,E,,
7064,Gutta percha cutter,Piece,E,,
5004,GYMNASTIC BALLS,PER ONE,E,,
2976,GYNE FLETCHER SUIT APPLICATOR,1,E,,
447,haematinic syrup,bottle,N,,
6152,Haematology Celenium D5P,20L,E,,
1327,Haemocue HB meter 301,pcs,E,,
6155,Haemocue HB meter 301,pcs,E,,
12350,Hand sanitizer,pieces,V,,
4278,HBA1C CALIBRATOR,pc,E,,
1331,HB cuvettes Diaspect,200T,E,,
6159,HB cuvettes Diaspect,200T,E,,
1332,HB cuvettes Mission Plus,50T,E,,
6160,HB cuvettes Mission Plus,50T,E,,
6164,HC 5D CBC Lyse,200ml,E,,
6166,HC5D clean,50ml,E,,
6165,HC 5D Dif Lyse,500ml,E,,
4997,HEART RATE MONITORS,Pieces,E,,
5014,HEAT GUN,Piece,N,,
982,Hemafuse-Auto Transfusion Device (Complete unit with Accessories),Pack of 25s,V,,
1639,Hemocotrol Control Microcuvettes,50,E,,
3083,Hemocotrol Control Microcuvettes,50Tests,E,,
7451,Hepatitis B vaccine Injection (Multi dose vial),null,V,,
7113,High Flux Dialyzer 2.1m2 (Belco),pieces,E,,
7067,"high speed bur, round",piece,E,,
7068,"high speed bur, straight fissure, long",piece,E,,
7066,"high speed bur, straight fissure, short",piece,E,,
1349,"High Vaginal Swabs-Sterile, Single Packed",1 x 50Pc,E,,
6177,"High Vaginal Swabs-Sterile, Single Packed",1 x 50Pc,E,,
1736,HQ films20x25cm,catridge,E,,
6548,HQ films20x25cm,catridge,E,,
1737,HQ films25x30cm,catridge,E,,
6549,HQ films25x30cm,catridge,E,,
13079,HQFILMS (43CMX35CM),Cartilage,E,,
1355,Humacount Cleaning agent-3part,5L,E,,
6183,Humacount Cleaning agent-3part,5L,E,,
1356,Humacount Controls (Low/Normal/High),Set,E,,
6184,Humacount Controls (Low/Normal/High),Set,E,,
1357,Humacount Diluent - 3 Part,20L,E,,
6185,Humacount Diluent - 3 Part,20L,E,,
1358,Humacount Lysing Agent-3part,1L,E,,
6186,Humacount Lysing Agent-3part,1L,E,,
448,hydralazine 25mg tabs,100's,V,,
4884,HYDRAULIC HAND DYNAMOMETER (SAUNDERS),1's,E,,
449,hydrochlorthiazide 50mg tabs,100's,E,,
450,hydrogen peroxide 6%,5lt,E,,
908,Identification Band - Adult,pcs,E,,
907,Identification Band - Baby,pcs,E,,
4935,IDIAN CLUBS,SET,N,,
965,Implant Insertion Set With Green Towels (Drapes),Set,E,,
958,Implant Removal Set with Green Towels (Drapes),Set,E,,
2418,IMSC Retrograde Nail with screws,set,E,,
2143,IM universal Femur Nails instrument set,Set,E,,
2160,IM Universal Tibia Nails instrument set,Set,E,,
4883,INBODY ANALYZER MACHINE,1's,E,,
12220,Infant/newborn weighing scale digital baby basin (mb130),piece,E,,
8406,Infantometre for measuring infant heights,null,E,,
5011,INFRARED BULBS,Pieces,N,,
4871,INFRARED MACHINE WITH A STAND,1's,E,,
7071,"Instrument tray, non perforated",Piece,E,,
2145,"Interlocking I. M femur nail, stainless steel, length 36cm,diameter 10mm",Piece,E,,
2144,"Interlocking I. M femur nail, stainless steel, length 36cm,diameter 8mm",Piece,E,,
2146,"Interlocking I. M femur nail, stainless steel, length 38cm,diameter 10mm",Piece,E,,
2147,"Interlocking I. M femur nail, stainless steel, length 40cm,diameter 10mm",Piece,E,,
2148,"Interlocking I. M femur nail, stainless steel, length 42cm,diameter 10mm",Piece,E,,
2152,"Interlocking I. M femur nail, stainless steel, length 42cm,diameter 11mm",Piece,E,,
2153,"Interlocking I. M femur nail, stainless steel, length 42cm,diameter 12mm",Piece,E,,
2149,"Interlocking I. M femur nail, stainless steel, size 11mm √ó 36cm",Piece,E,,
2150,"Interlocking I. M femur nail, stainless steel, size 11mm √ó 38cm",Piece,E,,
2151,"Interlocking I. M femur nail, stainless steel, size 11mm √ó 40cm",Piece,E,,
2163,"Interlocking I. M tibial nail, stainless steel, size 10mm √ó 34cm",Piece,E,,
2164,"Interlocking I. M tibial nail, stainless steel, size 10mm √ó 36cm",Piece,E,,
2165,"Interlocking I. M tibial nail, stainless steel, size 11mm √ó 34cm",Piece,E,,
2166,"Interlocking I. M tibial nail, stainless steel, size 11mm √ó 36cm",Piece,E,,
2167,"Interlocking I. M tibial nail, stainless steel, size 12mm √ó 36cm",Piece,E,,
2161,"Interlocking I. M tibial nail, stainless steel, size 9mm √ó 34cm",Piece,E,,
2162,"Interlocking I. M tibial nail, stainless steel, size 9mm √ó 36cm",Piece,E,,
2975,IRIDIUM 192 BRACHYTHERAPY SOURCE WIRE,1(FOR FOUR MONTHS,V,,
1909,IRRIGATING NEEDLES,BOX,E,,
6720,IRRIGATING NEEDLES,BOX,E,,
7072,IRRIGATING NEEDLES,Pack,E,,
2488,Isoniazid (H) 300mg Tabs (for Pack of 672 tabs),672s,E,,
5617,keratom knives,piecie,E,,
454,ketorolac 0.5% eye drops,dropper,E,,
221,Ketorolac inj 30mg/2ml,Amps,E,,
5250,Ketorolac inj 30mg/2ml,Amps,E,,
11983,Ketorolac inj 30mg/2ml,Amps,E,,
3490,ketorolac inj (im/i.v)30mg/ml,Ampoules,E,,
1377,K filling solution,100ml,E,,
2384,"K-Wire dia 1.5mm, length 150 + 10mm, trocar tip St. steel",Piece,E,,
2385,"K-Wire dia 1.5mm, length 280 + 20mm trocar tip St. steel",Piece,E,,
2386,"K-Wire dia 1.6mm, length 150 + 10mm trocar tip St. steel",Piece,E,,
2387,"K- Wire dia 1.6mm, length 280 + 20mm,trocar tip St. steel",Piece,E,,
2388,"K- Wire dia 1.7mm, length 150+ 10mm, trocar tip St. steel",Piece,E,,
2389,"K-Wire dia 1.7mm, length 280+20mm, trocar tip St. steel",Piece,E,,
2390,"K-Wire dia 1.8mm, length 150+10mm, trocar tip St. steel",Piece,E,,
2391,"K-Wire dia 1.8mm, length 280+20mm, trocar tip St. steel",Piece,E,,
2392,"K- Wire dia 2.5mm, length 280 + 20mm,trocar tip St. steel",Piece,E,,
455,labetalol 100mg tabs,pack of 56s,E,,
456,labetalol 200mg tabs,pack of 56s,E,,
12793,Labetalol inj 100mg (5mg/ml) 20ml,Amps,E,,
457,lactulose syrup,bottle,E,,
453,lantus insulin,vial,E,,
964,Laparatomy Sets With Green Towels (Drapes),Set,V,,
4869,LASER THERAPY MACHINE (ENDOLASER),1's,N,,
2359,Lateral Tibial head Buttress plates 4.5 for LEFT leg. St. steel 5 holes length 117mm,Piece,E,,
2360,Lateral Tibial head Buttress plates 4.5 for LEFT leg. St. steel 7 holes length 149mm,Piece,E,,
2361,Lateral Tibial head Buttress plates 4.5 for LEFT leg. St. steel 9 holes 9length 181mm,Piece,E,,
2362,Lateral Tibial head Buttress plates 4.5 for LEFT leg. St. steel holes 11 length 213mm,Piece,E,,
2358,Lateral Tibial head Buttress plates 4.5 for right leg. St. steel 11 holes length 213mm,Piece,E,,
2355,Lateral Tibial head Buttress plates 4.5 for right leg. St. steel 5 holes length 117mm,Piece,E,,
2356,Lateral Tibial head Buttress plates 4.5 for right leg. St. steel 7 holes length 149mm,Piece,E,,
2357,Lateral Tibial head Buttress plates 4.5 for right leg. St. steel 9 holes length 181mm,Piece,E,,
2354,"L- Buttress plate 4.5, 4 holes, length 85mm, St. steel Right",Piece,E,,
13077,Lead rubber Aprons,pieces,V,,
458,levofloxacin 500mg tabs,10's,E,Levofloxacin (Lfx) 100mg Tablet (dispersible),
7453,Levofloxacin Tablet 500mg,null,E,Levofloxacin (Lfx) 250mg Tablet,
8853,Levofloxacin Tablet 500mg,10s,E,Levofloxacin (Lfx) 500mg (scored) Tablet,
8866,Levofloxacin Tablet 500mg,pack of 10s,E,Levofloxacin (Lfx) 750mg Tablet,
6214,Liason Treponema Control,Vial,E,,
6987,Liason Treponema Screen,Kit,E,,
6988,Liason XI Murex HBSAG,Kit,E,,
6989,Liason XI Murex HCV AB,Kit,E,,
6218,Liason XI Murex HIV AG/AB-Intergral,200T,V,,
6219,Liason XL Cleaning Kit,Pack,E,,
6220,Liason XL Cuvettes,Pack,E,,
6221,Liason XL DITI,576Tips,E,,
6222,Liason XL Murex HBSAG Control,Kit,E,,
6223,Liason XL Murex HCV AB Control,Kit,E,,
6224,Liason XL Murex HIV AG/AB Control,Kit,V,,
6226,Liason XLStarter Kit,Kit,E,,
6225,Liason XL Wash System Liquid,Bottles,E,,
12049,Lining leather,sqft,E,,
459,liquid paraffin,5lt,E,,
12050,Liquid Paraffin,Litres,E,,
2423,Locking plates,null,E,,
2154,"Locking screws for I.M Femur nail diameter,4.9mm, stainless steel, length 30mm",Piece,E,,
2155,"Locking screws for I.M Femur nail diameter,4.9mm, stainless steel, length 35mm",Piece,E,,
2156,"Locking screws for I.M Femur nail diameter,4.9mm, stainless steel, length 45mm",Piece,E,,
2157,"Locking screws for I.M Femur nail diameter,4.9mm, stainless steel, length 50mm",Piece,E,,
2158,"Locking screws for I.M Femur nail diameter,4.9mm, stainless steel, length 55mm",Piece,E,,
2159,"Locking screws for I.M Femur nail diameter,4.9mm, stainless steel, length 60mm",Piece,E,,
2168,"Locking screws for I.M tibial nail diameter,4.9mm, length 25mm stainless steel",Piece,E,,
2169,"Locking screws for I.M tibial nail diameter,4.9mm, length 30mm, stainless steel",Piece,E,,
2173,"Locking Screws for I.M tibial nail diameter,4.9mm, Length 35mm, Stainless steel",Piece,E,,
2170,"Locking screws for I.M tibial nail diameter,4.9mm, length 40mm, stainless steel",Piece,E,,
2174,"Locking Screws for I.M tibial nail diameter,4.9mm, length 45mm, stainless steel",Piece,E,,
2171,"Locking screws for I.M tibial nail diameter,4.9mm, length 50mm, stainless steel",Piece,E,,
2172,"Locking screws for I.M tibial nail diameter,4.9mm, length 55mm, stainless steel",Piece,E,,
2182,"Locking Screws For Pnf/Reconstruction Nail Diametre 7.0+/- 1.4Mm Length 105Mm, Stainless Steel",Piece,E,,
2183,"Locking Screws For Pnf/Reconstruction Nail Diametre 7.0+/- 1.4Mm Length 110Mm, Stainless Steel",Piece,E,,
2184,"Locking Screws For Pnf/Reconstruction Nail Diametre 7.0+/- 1.4Mm Length 115Mm, Stainless Steel",Piece,E,,
2175,"Locking Screws For Pnf/Reconstruction Nail Diametre 7.0+/- 1.4Mm Length 65Mm, Stainless Steel",Piece,E,,
2176,"Locking Screws For Pnf/Reconstruction Nail Diametre 7.0+/- 1.4Mm Length 70Mm, Stainless Steel",Piece,E,,
2177,"Locking Screws For Pnf/Reconstruction Nail Diametre 7.0+/- 1.4Mm Length 75Mm, Stainless Steel",Piece,E,,
2178,"Locking Screws For Pnf/Reconstruction Nail Diametre 7.0+/- 1.4Mm Length 80Mm, Stainless Steel",Piece,E,,
2179,"Locking Screws For Pnf/Reconstruction Nail Diametre 7.0+/- 1.4Mm Length 85Mm, Stainless Steel",Piece,E,,
2180,"Locking Screws For Pnf/Reconstruction Nail Diametre 7.0+/- 1.4Mm Length 90Mm, Stainless Steel",Piece,E,,
2181,"Locking Screws For Pnf/Reconstruction Nail Diametre 7.0+/- 1.4Mm Length 95Mm, Stainless Steel",Piece,E,,
2192,"Locking Screws For Reconstruction Nail Diameter, 5.9Mm , Stainless Steel, Length 100Mm",Piece,E,,
2193,"Locking Screws For Reconstruction Nail Diameter, 5.9Mm , Stainless Steel, Length105Mm Stainless Steel",Piece,E,,
2194,"Locking Screws For Reconstruction Nail Diameter, 5.9Mm , Stainless Steel, Length 110Mm",Piece,E,,
2195,"Locking Screws For Reconstruction Nail Diameter, 5.9Mm , Stainless Steel, Length 115Mm",Piece,E,,
2185,"Locking Screws For Reconstruction Nail Diameter, 5.9Mm , Stainless Steel, Length 65Mm",Piece,E,,
2186,"Locking Screws For Reconstruction Nail Diameter, 5.9Mm , Stainless Steel, Length70Mm",Piece,E,,
2187,"Locking Screws For Reconstruction Nail Diameter, 5.9Mm , Stainless Steel, , Length 75Mm",Piece,E,,
2188,"Locking Screws For Reconstruction Nail Diameter, 5.9Mm , Stainless Steel, Length 80Mm",Piece,E,,
2189,"Locking Screws For Reconstruction Nail Diameter, 5.9Mm , Stainless Steel, Length 85Mm",Piece,E,,
2190,"Locking Screws For Reconstruction Nail Diameter, 5.9Mm , Stainless Steel, Length 90Mm",Piece,E,,
2191,"Locking Screws For Reconstruction Nail Diameter, 5.9Mm , Stainless Steel, Length 95Mm",Piece,E,,
237,Loratidine 10mg tabs,100s,E,,
5266,Loratidine 10mg tabs,100s,E,,
11495,Loratidine 10mg tabs,100s,E,,
4902,LOWER AND UPPER LIMB STRENGTHENING MACHINE,1's,N,,
461,lugols solution,bottle,E,,
8452,Magnevist (20mL),bottle,E,,
8441,Mammograph films DVM (24*30cm),Cartridge,E,,
1739,Mammograph films DVM (25*30cm),catridge,E,,
6551,Mammograph films DVM (25*30cm),catridge,E,,
5009,MASSAGE OIL,5 litres,E,,
1006,Mattress for Standard Hospital Bed,Piece,E,,
8413,Meat mincer,null,N,,
4921,MEDICINE BALL,SET,N,,
4989,MEDONIC BOULE CLEANER,1X450ML,E,,
4988,MEDONIC MICROPIPETTES,1X100,E,,
462,mefenamic 250mg caps,100's,E,,
2478,meloxicam 15mg tabs,50's,E,,
465,meloxicam 7.5mg tabs,20's,E,,
4974,Meropenem PFI 500mg (as trihydrate),vial,V,,
2451,Mesh Cage large,no,E,,
2452,Mesh Cage small,no,E,,
959,"Metallic Vaginal Speculum Cusco - Large, Medium and Small",Set of 3,E,,
2786,"Metallic Vaginal Speculum Cusco - Large, Medium and Small",null,E,,
11985,Metformin Tablet 850mg,Pack of 28s,E,,
466,methylcellulose eye drops,dropper,E,,
255,Metronidazole 400mg,100s,E,,
5285,Metronidazole 400mg,100s,E,,
7077,Microapplicator brushes,Pack,E,,
6249,Micro capillaries (Swelab),100pcs,E,,
8416,Microwaves,null,N,,
1426,Mindray cleaner,pack,E,,
6254,Mindray cleaner,pack,E,,
1427,Mindray hematology 3part lyse,500ml,E,,
6255,Mindray hematology 3part lyse,500ml,E,,
1428,Mindray Hematology diluent,20l,E,,
6256,Mindray Hematology diluent,20l,E,,
6258,Minidil LMG,20L,E,,
2441,Minifragment Locking plates with Screws,no,E,,
6259,Minilyse LMG,1L,E,,
6950,Minocal Calibrator,2ml,E,,
6260,Minoclair,0.5l,E,,
6263,Minotrol 16 Twini-Pack,2L,E,,
6952,Minotrol 16 Twini-Pack,2H,E,,
6262,Minotrol 16 Twin-Pack,2L,E,,
6261,Minotrol 16 TWIN-Pack,2L,E,,
6951,Minotrol 16 TWIN-Pack,2N,E,,
1437,Mission plus HB meter,pcs,E,,
6265,Mission plus HB meter,pcs,E,,
7078,"Mixing slab, glass",Piece,E,"Mixing slab, glass  Glass, 10cm x 10cm",
7081,Modelling wax,Box,E,"Modelling wax  500g, 24 sheets, 1.5mm thick (Pkts)",
467,morphine 10mg/1ml inj,10's,V,,
267,Morphine pediatric 1mg/1ml,bottle,V,,
5297,Morphine pediatric 1mg/1ml,bottle,V,,
11850,Mother baby tare weighing scale (2 in 1),piece,E,,
1740,MRI Films UPT 517 BL (35*43 cm) SONY,Cartridge,E,,
8442,MRI Films UPT 517 BL (35*43 cm) SONY,Cartridge,E,,
7082,MTA (Mineral trioxide aggregate),Piece,E,,
468,multivitamin syrup,bottle,N,,
4270,Mythic Diluent,10 Litres,E,,
4271,Mythic Lyse,1 Litre,E,,
1443,Na/Cl/Ph filling solution,100ml,E,,
6271,Na/Cl/Ph filling solution,100ml,E,,
1442,Na conditioner,100ml,E,,
6270,Na conditioner,100ml,E,,
6272,Nasopharyngeal Swabs without media,100Pc,E,,
716,nebiliuzing kits peads,piece,E,,
2782,nebiliuzing kits peads,pieces,E,,
5644,nebiliuzing kits peads,piece,E,,
717,nebilizing kits adult,pieces,E,,
5645,nebilizing kits adult,pieces,E,,
1445,Needle holders,1000Pcs,E,,
6273,Needle holders,1000Pcs,E,,
12767,"Needles, gauge 21",100s,E,,
4893,NEUROLOGICAL HAMMER,1's,E,"Patella hammer  Head surmounted with chrome plated brass disc (50mm
diameter) with rubber collar.",
6284,NIT 1+ NIT 2,pc,E,,
470,Norfloxacin 400mg tabs,100's,E,,
1709,Nutritionally Complete Balanced Diet for Enteral Nutrition Powder Form,400g Tin,E,,
12647,Nutritionally Complete Balanced Diet for Enteral Nutrition Powder Form,400g Tin,E,,
1710,"Nutritionally complete liquid diet for special medical patients with 78% soluble fibre. Providing energy 0.9-1 Kcal per ml, 3.5gm-4.5gm protein per 100 ml with Mono Unsaturated Fatty Acids. Shelf life of 12-18 months",null,E,,
4473,Nutrition Teaching Materials,piece,N,,
8422,Office chairs,null,N,,
482,omeprazole 20 mg,pack of 30s,E,,
388,Omeprazole Caps 20mg,100s,E,,
4492,Omnipaque 350 (100ml),bottle,E,,
2255,"One- third tubular plate 3.5 with collar, 5 holes, length 64mm, St. steel",Piece,E,,
2262,"One- Third Tubular Plate 3.5 With Collar, 6 Holes, Length 76mm, St. Steel",Piece,E,,
2263,"One- Third Tubular Plate 3.5 With Collar, 7 Holes, Length 88mm, St. Steel",Piece,E,,
2264,"One- Third Tubular Plate 3.5 With Collar,8 Holes, Length 100mm, St. Steel",Piece,E,,
6292,Oropharyngeal swabs without media,100Pc,E,,
7083,"Orthodontic pliers, Adam's",Piece,E,"Orthodontic plier kit  Assorted set including: Adams, clasp bending, crimping, flat nose, loop- forming, spring former, wire-bending",
2396,Orthopaedic Drill:Battery Hand Piece,Piece,E,,
12690,Orthopaedic osscilating machine,pcs,E,,
4877,ORTHOPAEDIC SEAT MASSAGER,1's,N,,
12691,Orthopaedic spreader,pcs,E,,
4933,OVERHEAD PULLEY SYSTEM (EN TREE PULLEY),1's,N,,
972,Oxygen Concentrator,BN,V,,
4942,PAEDIATRIC AUXILLARY CLUCTH,1's,E,,
4945,PAEDIATRIC ELBOW CLUTCH,1's,E,,
4930,PAEDIATRIC POSTURAL WALKER,1's,E,,
4943,PAEDIATRIC WALKING FRAME,1's,E,,
4944,PAEDIATRIC WALKING STICK,1's,E,,
921,"Paeds Dippers  size 1,2,3,4.",pkts,E,,
5010,PAINFRIC OIL,100ml,N,anti pain,
2568,Paracetamol (450mg)+ Codeine (10mg) + doxylamine (5mg) + caffeine (50mg) Tabs - Betapyn,18s,E,,
4925,PARAL BARS,1's,N,,
4913,PARALLEL BARS,1's,N,,
6509,Parenteral fat soluble vitamins,10 ml vial,E,,
1687,Parenteral fat soluble vitamins 10ml,pack of 10 ampoules,E,,
13043,Parenteral fat soluble vitamins 10ml,pack of 10 ampoules,E,,
3947,pedal bins 50litres,piece,E,Plastic bin  50L; 39cm x 66cm,
989,Pediatric/Neonatal Reusable Temperature Probe (Skin Surface),Piece,E,,
4483,Perfussor,piece,E,,
7087,Periosteal elevators,Piece,E,Amputation Set  Elevator/Rugine farebeufs curved periosteal-4pc,
4859,Permanent catheter for hemodialysis,pieces,E,Catheters Permanent,
4961,PETROLEUM JELLY (VASELINE),DOZEN,N,,
1485,Phlebotomy chairs,pcs,E,,
6313,Phlebotomy chairs,pcs,E,,
997,Pillow Cases/ Slips With Inner Flep 50Cm X 70Cm White,Piece,E,,
998,Pillow Covered With Mackintosh Water Proof,Piece,E,,
4888,PINCH GAUGE,1's,E,Hand evaluation set ,
5020,Pirimiphos Methyl 300gm/Ltrs Cs 833ml,833ml x 12s,E,,
5021,Pirimiphos Methyl 50% Ec 1 Litre,1 Litre x 12s,E,,
13389,Plasma preparation tubes,100's,E,,
12692,Plaster share,pcs,E,,
1495,Plastic chairs,pcs,N,,
6323,Plastic chairs,pcs,N,,
1496,Plastic tables,pcs,N,,
6324,Plastic tables,pcs,N,,
7088,"Polishing strips, metal (steel abrasive strips)",Pack,E,,
2447,Polyaxial Pedicle Screw With Cap,no,E,,
923,POP pawder grade 2,kgs,E,,
1499,Portable blood donor chairs,pcs,N,,
6327,Portable blood donor chairs,pcs,N,,
4874,PORTABLE CERVICLE TRACTION MACHINE (SAUNDERS),1's,N,,
4993,PORTABLE LUMBAR TRACTION MACHINE (SAUNDERS),1's,N,,
4926,POSTURAL CORRECTION MIRROR,1's,N,,
4996,postural evaluation kit,1's,N,,
472,povidine iodine 7.5 % scrub,bottle,V,,
471,Povidone-Iodine Solution 10%,5 lt,V,,
7089,"Povidone iodine solution, 5L",Bottle,V,,
3492,Prednisolone oral liquid 15mg/5ml,bottles,V,,
1635,Pregnancy test strips,50 T,E,,
924,prolene sutures cutting/rb 2/0,dozen,E,,
925,prolene sutures cutting/rb 3/0,dozen,E,,
926,prolene sutures cutting/rb 4/0,dozen,E,,
927,prolene sutures cutting/rb 5/0,dozen,E,,
929,prolene sutures cutting/rb 6/0,dozen,E,,
930,prolene sutures cutting/rc 2/0,dozen,E,,
931,prolene sutures cutting/rc 3/0,dozen,E,,
932,prolene sutures cutting/rc 4/0,dozen,E,,
933,prolene sutures cutting/rc 5/0,dozen,E,,
928,prolene sutures cutting/rc 6/0,dozen,E,,
4929,PRONATION AND SUPINATION WHEEL,1's,N,,
5029,Propoxure EC 20%,500ml bottle,E,,
966,Prostatectomy Set With Green Towels (Drapes),Set,E,,
7090,Protective Eyewear,Piece,E,,
2366,Proximal Femoral Instruments Set,Set,E,Large Fragment Instrument Set  Proximal Femoral Instruments Set,
2417,Proximal Femoral Nail Anti-rotation(PFNA) with Blade/Screws,set,E,,
2416,Proximal Femoral Nail (PFN) with Screws,set,E,Large Fragment Instrument Set  Proximal Femoral Instruments Set,
2367,"Proximal Femoral Nails, Stainless Steel,Size10mmx25cm",Piece,E,,
2368,"Proximal Femoral Nails, Stainless Steel,Size11mmx25cm",Piece,E,,
2430,Proximal Humeral Locking plate (PHILOS) with Screws,no,E,,
2426,Proximal Lateral Tibial locking plate (lateral PTLP) with screws,no,E,,
2369,"Proximal Locking Screws For Pnf/Reconstruction Nail Diametr 70+/- 1.4Mm, Stainless Steel, Length 60Mm",Piece,E,,
2370,"Proximal Locking Screws For Reconstruction Nail Diameter,5.9Mm, Stainless Steel, Length 60Mm",Piece,E,,
2381,"Proximal Locking Self Tapping Cannulated Screws For Pfn Nail Diameter,6.5Mm, Stainless Steel, 110Mm",Piece,E,,
2379,"Proximal Locking Self Tapping Cannulated Screws For Pfn Nail Diameter,6.5Mm, Stainless Steel, Length 100Mm",Piece,E,,
2380,"Proximal Locking Self Tapping Cannulated Screws For Pfn Nail Diameter,6.5Mm, Stainless Steel, Length105Mm",Piece,E,,
2382,"Proximal Locking Self Tapping Cannulated Screws For Pfn Nail Diameter,6.5Mm, Stainless Steel, Length 115Mm",Piece,E,,
2371,"Proximal Locking Self Tapping Cannulated Screws For Pfn Nail Diameter,6.5Mm, Stainless Steel, Length 60Mm",Piece,E,,
2372,"Proximal Locking Self Tapping Cannulated Screws For Pfn Nail Diameter,6.5Mm, Stainless Steel, Length 65Mm",Piece,E,,
2373,"Proximal Locking Self Tapping Cannulated Screws For Pfn Nail Diameter,6.5Mm, Stainless Steel, Length70Mm",Piece,E,,
2374,"Proximal Locking Self Tapping Cannulated Screws For Pfn Nail Diameter,6.5Mm, Stainless Steel, Length 75Mm",Piece,E,,
2375,"Proximal Locking Self Tapping Cannulated Screws For Pfn Nail Diameter,6.5Mm, Stainless Steel, Length 80Mm",Piece,E,,
2376,"Proximal Locking Self Tapping Cannulated Screws For Pfn Nail Diameter,6.5Mm, Stainless Steel, Length 85Mm",Piece,E,,
2377,"Proximal Locking Self Tapping Cannulated Screws For Pfn Nail Diameter,6.5Mm, Stainless Steel, Length 90Mm",Piece,E,,
2378,"Proximal Locking Self Tapping Cannulated Screws For Pfn Nail Diameter,6.5Mm, Stainless Steel, Length 95Mm",Piece,E,,
2427,Proximal Medial Tibial Locking plate (Medial PTLP) with screws,no,E,,
2440,Proximal radius 1.5/2.0 microplate Locking plate,no,E,,
5003,PSYCHOMOTORIAL BALL,PER ONE,N,,
977,"Pulse Oximeter Hand-Held complete with peadiatric, adult and neonate probes",Piece,V,,
5002,PUTTY,PER KG,E,,
2490,Pyridoxine 25mg Tabs,100s,E,,
2491,Pyridoxine 50mg Tabs,100s,E,,
6342,Quadrapple blood bags,1x3,E,,
4941,QUADRIPED WALKING STICK,1's,N,,
7450,"Rabies vaccine, Purified Verocell/ Human Diploid",null,V,,
1515,Rapid Cholera test strips,1 x 50T,V,,
6343,Rapid Cholera test strips,1 x 50T,V,,
6344,Reaction tubes,1x500,E,,
13247,Really tech FSH,1*24,E,,
5012,RECHARGEABLE BATTERY 9 V,Pieces,E,,
2419,Recon Femoral nail with screws,set,E,,
2209,Reconstruction Instrument Set,Set,E,,
2278,"Reconstruction Nails, Stainless Steel, Size 10Mmx36Cm",Piece,E,,
2279,"Reconstruction Nails, Stainless Steel, Size 10Mmx38Cm",Piece,E,,
2383,"Reconstruction Nails, Stainless Steel, Size 10mmx40cm",Piece,E,,
2280,"Reconstruction Nails, Stainless Steel, Size 11Mmx36Cm",Piece,E,,
2281,"Reconstruction Nails, Stainless Steel, Size 11Mmx38Cm",Piece,E,,
2282,"Reconstruction Nails, Stainless Steel, Size 11Mmx40Cm",Piece,E,,
2271,"Reconstruction Plate 3.5, Straight St. Steel, Hole 12 Length 142mm",Piece,E,,
2270,"Reconstruction Plates 3.5, Straight St. Steel, Holes 10, Length 118mm",Piece,E,,
2256,"Reconstruction plates 3.5, straight St. steel, holes 12, length 166mm",Piece,E,,
2265,"Reconstruction Plates 3.5, Straight St. Steel, Holes 5, Length 58mm",Piece,E,,
2266,"Reconstruction Plates 3.5, Straight St. Steel, Holes 6, Length 70mm",Piece,E,,
2267,"Reconstruction Plates 3.5, Straight St. Steel, Holes 7, Length 82mm",Piece,E,,
2268,"Reconstruction Plates 3.5, Straight St. Steel, Holes 8, Length 94mm",Piece,E,,
2269,"Reconstruction Plates 3.5, Straight St. Steel, Holes 9, Length 106mm",Piece,E,,
2272,"Reconstructive Plates 3.5, Curved, St. Steel, Hole 4",Piece,E,,
2273,"Reconstructive Plates 3.5, Curved, St. Steel, Hole 5",Piece,E,,
2274,"Reconstructive Plates 3.5, Curved, St. Steel, Hole 6",Piece,E,,
2275,"Reconstructive Plates 3.5, Curved, St. Steel, Hole 7",Each,E,,
2276,"Reconstructive Plates 3.5, Curved, St. Steel, Hole 8",Each,E,,
2277,"Reconstructive Plates 3.5, Curved, St. Steel, Hole 9",Piece,E,,
2257,"Reconstructive plates 3.5, curved, St. steel, holes 10",Piece,E,,
2258,"Reconstructive plates 3.5, curved, St. steel, holes 11",Piece,E,,
2259,"Reconstructive plates 3.5, curved, St. steel, holes 12",Piece,E,,
2260,"Reconstructive plates 3.5, curved, St. steel, holes 13",Piece,E,,
2261,"Reconstructive plates 3.5, curved, St. steel, holes 14",Piece,E,,
6347,Ref filling solution,100ml,E,,
8417,Refridgerator for milk storage,null,N,,
935,Reservoir bags 1.5 ltrs,pcs,E,,
936,Reservoir bags 2.0 ltrs,pcs,E,,
4934,RESISTIVE HAND EXERCISER,1's,N,,
996,Reusable Silicon Rubber Plate (With Cable),Piece,V,,
985,"Reusable SPO2 Sensor, ADT, Finger-Clip",Piece,V,,
987,"Reusable SPO2 Sensor, Neo, Bandage",Piece,V,,
986,"Reusable SPO2 Sensor, PDT, Finger-Clip",Piece,V,,
934,Rexine Fabric Rainforced,sq ft,N,,
2482,R/H 75/50 mg,null,E,,
2657,R/H 75/50 mg,Tabs of 84s,E,,
2481,R/H/Z 75/50/150 mg,Tabs of 84s,E,,
2480,R/H/Z/E 150/75/400/275 mg,Tablet,E,,
2550,Rifapentine/Isoniazid 300mg/300mg,36's,E,,
1005,Ripple Mattress,Piece,E,,
473,Rivaroxaban 10mg tabs,10's,E,,
474,Rivaroxaban 15mg tabs,14's,E,,
475,Rivaroxaban 20mg tabs,14's,E,,
7091,Root canal sealant (Sealapex),Kit,N,,
4908,ROWING MACHINE,1's,N,,
938,Rubber Bands 100gms,pkts,N,,
7096,Rubber dam clamps assorted,Pack,N,,
7094,Rubber dam forceps,Piece,N,,
7095,Rubber dam frame,Piece,N,,
7093,Rubber dam punch,Piece,N,,
7092,Rubber dam sheet,Pack,E,,
8415,Salter scale with hanging pants,null,E,Baby Weighing Scale (0-20kg),
4885,SAUNDERS DIGITAL INCLINOMETER (SAUNDERS),1's,N,,
2404,Schanz screws dia 2.5mm length 127mm,Piece,E,,
2405,Schanz screws dia 3.0mm length 150mm,Piece,E,,
2406,Schanz screws dia 3.5mm length 177mm,Piece,E,,
2407,Schanz screws dia 4.5mm length 200mm,Piece,E,,
2408,Schanz screws dia 5.0mm length 200mm,Piece,E,,
4864,SHOCKWAVE MACHINE (ENDOPULS 811),1's,E,,
4865,SHORTWAVE DIATHERMY (CURAPULS 970),1's,N,,
939,silk sutures 1 rb,dozen,E,,
940,silk sutures 1rc,dozen,E,,
943,silk sutures 2/0 RB,dozen,E,,
944,silk sutures 2/0 RC,dozen,E,,
941,silk sutures  2rb,dozen,E,,
942,silk sutures 2 rc,dozen,E,,
945,"silk sutures  3/0 RB,RC",dozen,E,,
476,Silver Sulphadiazine Cream 1%,250gm jar,E,,
477,Silver Sulphadiazine Cream 1%,tube,E,,
962,Sims Vaginal Retractor Double End,Set of 3,E,,
1716,"Sip feed High-caloric 2 kcal/ml, High in protein, Contains mixed fibre blend. Not suitable for children < 3 years",200ml,E,,
788,Skin traction child adhesive,Roll,E,,
5716,Skin traction child adhesive,Roll,E,,
2398,Skull Traction Kit,Piece,E,,
2208,Small fragment instrument set,Set,E,Small Fragments Instrument Set (Standard),
2438,Small Locking Compression plate (Small LCP) with screws,no,N,Small Fragments Instrument Set with implants,
790,Sodium Hypochlorite solution(JIK),5L,E,,
5718,Sodium Hypochlorite solution(JIK),5L,E,,
6390,spectrum for diagnostic industries(Albumin),2x90ml,E,,
6391,Spectrum for diagnostic industries(ALP),2X90ml,E,,
6392,spectrum for diagnostic industries(Bilirubin Total and direct),2x90ml,E,,
6395,spectrum for diagnostic industries(Total protein),2x90ml,E,,
6389,Spectrum  for diagnostic industries(urea),2X90ml,E,,
973,Sphygmomanometer Digital (Aneroid),Piece,E,,
794,Spinal corset;Thoraco lumber,pieces,E,,
5722,Spinal corset;Thoraco lumber,pieces,E,,
2448,Spine Connection Rod,no,E,,
7098,Spirit lamp,Piece,E,,
4962,SPIROMETER 1200CC,1's,E,,
4963,SPIROMETER 5000CC,1's,N,,
5023,Spray Pumps (Polyvinyl material),Piece,N,,
1568,Squeezer balls,pcs,E,,
6396,Squeezer balls,pcs,E,,
4915,STAIR CLIMBER (ANGLED),1's,N,,
4903,STATIC BICYCLE (ERGOMETER),1's,E,,
7099,Steranios 5L,Bottle,V,,
3943,"Sterilization drum (medium,large)",piece,E,,
4895,STETHESCOPE,1's,E,,
969,Stethoscope,Piece,E,,
2980,STYROFOAM PRECUTS,30,N,,
347,Sub cutaneous DMPA,Sachets,E,,
2678,Sub cutaneous DMPA,kit,E,,
5377,Sub cutaneous DMPA,Sachets,E,,
978,Suction Machine Electrical,Piece,E,is it V or E,
2974,SUPERFLAB BOLUS,2 (1CM AND 0.5CM),E,,
8410,Suprailiac skin fold,null,N,,
13165,surfactant,vial,N,,
8858,surgical blade size 23 without handle,null,E,,
7100,Surgical bone files,Pieces,E,many types of bone file,
803,surgical gloves 7.5 powder free,pairs,V,"Gloves, surgical, sterile, single-use  b) Size 6.5",
2641,surgical gloves 7.5 powder free,pairs of 50,V,"Gloves, surgical, sterile, single-use  c) Size 7.0",
2651,surgical gloves 7.5 powder free,Packs of 50s,V,"Gloves, surgical, sterile, single-use  d) Size 7.5",
5731,surgical gloves 7.5 powder free,pairs,V,"Gloves, surgical, sterile, single-use  e) Size 8.0",
7102,"Surgical scissors, curved",Piece,E,so many types,
7103,"Surgical scissors, straight",Piece,E,,
479,surgical spirit,5 lt,V,,
480,surgical spirit,1 LITER,V,,
7101,"Surgical spirit, 5L",Bottle,V,,
7104,Surgical wire cutter,Piece,E,,
7105,"Surgistain, 5L",Bottle,E,Phosphoric Acid Solution,
13386,Sutures chromic catgut 2/0 75 cm 40mm 2/0,Dozen,E,,
4998,TAPE MEASURES,Pieces,N,,
2479,TB Patient Packs,Packs,V,,
2349,"T- Buttress Plate 4.5, 10 holes, St. steel Left",Piece,E,,
2353,"T- Buttress Plate 4.5, 10 holes, St. steel Right",Piece,E,,
2346,"T- Buttress Plate 4.5, 4 holes, length 81mm St. steel L eft",Piece,E,,
2350,"T- Buttress Plate 4.5, 4 holes, length 81mm St. steel Right",Piece,E,,
2347,"T- Buttress Plate 4.5, 6 holes, St. steel Left",Piece,E,,
2351,"T- Buttress Plate 4.5, 6 holes, St. steel Right",Piece,E,,
2348,"T- Buttress Plate 4.5, 8 holes, St. steel Left",Piece,E,,
2352,"T- Buttress Plate 4.5, 8 holes, St. steel Right",Piece,E,,
949,Tegaderm dressing Gauze,pcs,E,,
4872,TENS MACHINE,1's,N,Tens Machine portable 2 channels,
4955,TENs RUBBER ELECTRODES 50 MM X 50 MM,PAIR,N,,
4956,TENs RUBBER ELECTRODES 50 MM X 90 MM,PAIR,N,,
4954,TENs TRANSDUCER CABLES,ONE SET,N,,
999,Theatre Aprons - Reusable,Piece,N,,
1000,Theatre Scholls (Clocs) Size 10-10¬Ω,Pair,N,,
1001,Theatre Scholls (Clocs) Size 6-6¬Ω,Pair,N,,
1002,"Theatre Scholls, (Clocs) Size 7-7¬Ω",Pair,N,,
1003,Theatre Scholls (Clocs) Size 8¬Ω-9¬Ω,Pair,N,,
6414,Thermal paper 48x43mm,pack,E,,
1742,Thermopaper (HIGH GLOSS) 110mm * 18m,Roll,E,,
4484,Thermopaper (HIGH GLOSS) 110mm * 18m,Roll,E,repeated,
6554,Thermopaper (HIGH GLOSS) 110mm * 18m,Roll,E,,
8444,Thermopaper (HIGH GLOSS) 110mm * 18m,Roll,E,,
8411,Thigh skin fold,null,N,,
3945,Thomas splint,piece,N,,
4918,THREE SECTION TREATMET TABLE (MANUMED),1's,E,,
7106,"Three way (air-water syringe) tips, metallic",Piece,N,,
4931,THUMB AND FINGER EXERCISER,1's,N,,
963,Thyrodectomy set,Set,E,,
1587,Timers,pc,E,,
6415,Timers,pc,E,,
7107,Tissue forceps,Piece,E,Different types of tissue forceps,
1755,TISSUEPAPER,ROLLS,N,,
2421,Titanium Elastic Nail (TEN),no,E,,
2252,"T-Plate 3.5, right angled, 3/3 holes, length 50mm,St. steel",Piece,E,,
2253,"T-Plate 3.5, right angled, 4/4 holes, length 56mm,St. steel",Piece,E,,
2254,"T-Plate 3.5, right angled,5/3 holes, length 74mm,St. steel",Piece,E,,
2344,"T- Plate 4.5, 10 holes, St. steel",Piece,E,,
2345,"T- Plate 4.5, 12 holes, St. steel",Piece,E,,
2341,"T- Plate 4.5, 4 holes, length 84mm St. steel",Piece,E,,
2342,"T- Plate 4.5, 6 holes, length 116mm St. steel",Piece,E,,
2343,"T- Plate 4.5, 8 holes, length 148mm St. steel",Piece,E,,
4875,TRACTION MACHINE (EL TRAC),1's,V,,
4904,TREAD MILL (JOGGER),1's,N,,
4940,TRIPOD WALKING STICK,1's,N,,
975,Trolley Anaesthetic drug,Piece,E,,
976,Trolley dressing,Piece,E,,
917,True cut biopsy needle semi automatic size 16,pcs,E,,
918,True cut biopsy needle semi automatic size 18,pcs,E,,
6431,Truenat MTB Rif DX Chip,kit,V,,
2395,Tube to Tube Connectors,Piece,E,,
4894,TUNNING FORK,1's,E,,
7108,Tweezers,Piece,E,,
1610,Twisted lancets,1 x 100Pcs,E,,
6438,Twisted lancets,1 x 100Pcs,E,Blood retractable lancet,
5007,ULTAPHONIC ULTRASOUND GEL,5 litres,E,,
13521,Ultrasound envelopes( 22.5cmx16cm),Pieces,E,,
13258,Ultrasound Envelopes (22.5cmx16cm),Pieces,E,,
12749,Ultrasound Envelopes 22.5cmx6cm,pcs,E,,
13078,Ultrasound envelops (22.5cmx16cm),Pieces,E,,
12764,Ultrasound envelops 22.5cmx16cm,pieces,E,,
13478,Ultrasound Envelops (22.5cmx16cm),Pieces,E,,
12458,Ultrasound Envelops 22.5cmx16cm,pieces,E,,
13359,Ultrasound Envelops 22.5cmx16cm,Pieces,E,,
13307,Ultrasound Envelops( 22.5cmx16cm) Printed,Pieces,E,,
4485,Ultrasound Gel,pack 5 Lts,E,,
8445,Ultrasound Gel,pack 5 Lts,E,,
1743,ultrasound gel 5l,can,E,,
6555,ultrasound gel 5l,can,E,,
12079,Ultrasound machine,unit,E,Point of Care Ultrasound Machine (OPOCUS),
12728,Ultrasound printer,unit,E,,
4870,ULTRASOUND THERAPY MACHINE (SONOPULS 190),1's,N,,
4868,ULTRASOUND THERAPY MACHINE (SONOPULS 692),1's,N,,
4490,Ultravist 300 (50mL),bottle,E,,
6556,Ultravist 300 (50mL),bottle,E,,
8453,Ultravist 300 (50mL),bottle,E,,
1745,Ultravist 370 (100mL),bottle,E,,
4491,Ultravist 370 (100mL),bottle,E,,
8454,Ultravist 370 (100mL),bottle,E,,
952,Umbilical Cord Catheter,pcs,E,,
895,"undercast padding ""6""",dozen,E,,
5823,"undercast padding ""6""",dozen,E,,
896,underwaterseal bottle,set,E,Underwater seal drainage bottle  Capacity 2000ml,
5824,underwaterseal bottle,set,E,Underwater seal drainage bottle  Clear and calibrated,
951,Under water seal Water Trainage adults,pcs,E,,
950,Under water seal Water Trainage paeds,pcs,E,,
4907,UPRIGHT AND RECUMBENT EXERCISE BIKE,1's,N,,
2766,"Urine Bag, Graduated, with Inlet & Outlet 2L",null,V,,
1636,Uristics combur 10,100T,E,Urine dipstick,
2790,Uristics combur 10,null,E,Urine dipstick,"Combur 3 test and Combur 10 test are not the same. They are different products within the Roche Combur-Test® range, differing significantly in the number of parameters they tes"
1637,Uristix Combur 3,100T,E,Urine dipstick,
2399,Vacuum Drains G10,Piece,E,,
2400,Vacuum Drains G14,Piece,E,,
2401,Vacuum Drains G16,Piece,E,,
3495,Valproic acid injection (100mg/ml)  4ml,Ampoule,N,,
4984,VEDA LAB AFP,1X20,E,Alpha fetoprotein (AFP) reagent kit,
4985,VEDA LAB CRP,1X20,E,,
4983,VEDA LAB PSA,1X20,E,,
4980,VEDA LAB T3,1X20,E,Free T3 reagent,
4981,VEDA LAB T4,1X20,E,Free T4 reagent,"A Free T4 test measures only the active, unbound hormone (Free T4), while a Total T4 test measures both free and bound forms."
4982,VEDA LAB TSH,1X20,E,,
1630,Viral Transport Media (VTM),200Pc,V,,
6458,Viral Transport Media (VTM),200Pc,V,,
4493,Visipaque 320 (100ml),bottle,E,,
12724,Vitamin A 200 000 IU (60 mg RE) capsules,packs,E,,
12481,Vitamin A 50 000 IU (15 mg RE) capsules,packs,E,,
469,vitamin D3 400IU/0.5ml syrup,bottle,N,,
955,VP Shunt,pcs,V,,
4938,WALKING FRAME,1's,N,,
4939,WALKING STICK (CANE),1's,N,,
387,"Warfarin sodium Tablets,100 packs",100s,E,,
2332,"Washer,13/6.7 mm dia, for large cancellous Bone Screws, St. Screws",Piece,E,,
2220,"Washer 7.0/4.7mm dia for small screws, St. steel.",Piece,E,,
1004,"Water Proof Sheeting Material,Deep Green (Mackintosh) 100cm X 50m",Roll,E,,
6461,Weekly cleaning solution,100ml,E,,
971,Weight And Height Weighing Scale (Digital),Piece,E,,
4905,WESTMINSTER PULLEY SYSTEM WITH WEIGHTS,1's,N,,
7111,Wetting composite,Tube,E,"Composite, light cure kit  4g assorted composite syringes, shades: A1, A2, A3.5, B1, B2, B3, C1, C2, C3",
3948,wheel chair,piece,E,,
4912,WHEELCHAIR,1's,E,,
4879,WIRELESS ELECTROTHERAPY MASSAGER,1's,N,,
4924,WOBLE BOARD,1's,N,,
4899,WRIST BLOOD PRESSURE MONITORS,1's,E,,
4928,WRIST EXERCISER,1's,N,,
4917,WRIST ROLLER,1's,N,,
1748,xray ditectors,pieces,E,,
6560,xray ditectors,pieces,E,,
4486,X-RAY Envelope Large 37*46 cm,piece,E,,
6558,X-RAY Envelope Large 37*46 cm,no,E,,
8446,X-RAY Envelope Large 37*46 cm,piece,E,,
2816,X-RAY Envelope Small 25*32cm,pieces,E,is there a reason why they were repeated,
4487,X-RAY Envelope Small 25*32cm,piece,E,,
6559,X-RAY Envelope Small 25*32cm,no,E,,
8447,X-RAY Envelope Small 25*32cm,piece,E,,
7112,Xylocaine spray,Bottle,E,,
1638,Yellow Microcuvettes Tips,1000,E,,
463,zinc sulphate 20mg tabs DT,100's,E,,